station,lat_deg,lon_deg,A_observed_K,d_coast_km_1deg,A_predicted_K,residual_K
AliceSprings,-23.7,133.87,8.49,900.0,8.69,-0.2
Almaty,43.24,76.89,14.23,1925.0,16.5,-2.27
Auckland,-36.85,174.76,4.23,25.0,6.1,-1.86
Bloemfontein,-29.09,26.16,6.98,450.0,9.08,-2.11
Brasilia,-15.79,-47.88,1.41,875.0,5.86,-4.45
BuenosAires,-34.6,-58.38,6.89,50.0,6.31,0.58
Cairo,30.04,31.24,8.66,125.0,6.71,1.95
CapeTown,-33.92,18.42,3.07,25.0,5.67,-2.6
Chongqing,29.56,106.55,9.96,875.0,10.62,-0.65
Dakar,14.69,-17.45,4.04,0.0,2.31,1.73
Denver,39.74,-104.99,13.46,1225.0,14.54,-1.08
Fargo,46.88,-96.79,17.09,1200.0,16.55,0.54
Gaborone,-24.66,25.91,6.03,725.0,8.66,-2.64
Halifax,44.65,-63.57,11.23,0.0,6.4,4.84
Honolulu,21.31,-157.86,2.0,0.0,3.31,-1.31
Irkutsk,52.28,104.28,19.11,1800.0,18.91,0.2
Jakarta,-6.21,106.85,0.56,25.0,1.1,-0.54
Kabul,34.53,69.17,13.19,1100.0,12.68,0.51
Khartoum,15.5,32.53,4.87,625.0,5.38,-0.52
Lima,-12.05,-77.04,3.44,0.0,1.9,1.54
Lisbon,38.72,-9.14,5.48,0.0,5.69,-0.21
London,51.51,-0.13,6.67,75.0,9.36,-2.69
LosAngeles,34.05,-118.24,5.62,25.0,5.69,-0.07
Madrid,40.42,-3.7,10.68,300.0,10.93,-0.25
Manaus,-3.1,-60.02,1.2,1050.0,1.2,-0.0
Miami,25.76,-80.19,3.52,25.0,4.42,-0.9
Moscow,55.76,37.62,13.47,725.0,17.17,-3.69
Mumbai,19.08,72.88,1.65,0.0,2.97,-1.32
Nairobi,-1.29,36.82,1.32,400.0,0.41,0.91
Novosibirsk,55.03,82.92,17.87,1350.0,18.9,-1.03
Omsk,54.99,73.37,18.13,1350.0,18.89,-0.76
Perth,-31.95,115.86,5.77,0.0,4.82,0.95
Regina,50.45,-104.62,16.27,1100.0,17.25,-0.98
Reykjavik,64.15,-21.94,5.64,25.0,9.15,-3.51
Riyadh,24.71,46.68,11.34,375.0,7.47,3.87
SanFrancisco,37.77,-122.42,3.23,0.0,5.57,-2.34
SaoPaulo,-23.55,-46.63,2.86,75.0,4.78,-1.92
Seattle,47.61,-122.33,7.41,75.0,8.83,-1.42
Singapore,1.35,103.82,0.63,25.0,0.24,0.39
Sydney,-33.87,151.21,5.37,0.0,5.07,0.29
Tokyo,35.68,139.69,11.17,50.0,6.48,4.69
Tucson,32.22,-110.97,10.63,250.0,8.56,2.07
Ulaanbaatar,47.89,106.91,18.42,1375.0,17.15,1.27
Windhoek,-22.56,17.07,5.02,275.0,6.32,-1.3
Winnipeg,49.9,-97.14,17.9,875.0,16.46,1.44
Yakutsk,62.04,129.68,28.7,725.0,18.34,10.35
